Reference Body,Name,LAN,AOP,SMA,Inclination,Eccentricity,Mass,Radius
CoRoT-11,CoRoT-11 b,79.5,14.0,652246716.252,-6.83,0.000000,4.4226429e+25,10223356.0
CoRoT-12,CoRoT-12 b,281.6,10.7,600785048.7312,-4.52,0.070000,1.74058521e+25,10294848.0
CoRoT-13,CoRoT-13 b,266.5,7.7,762949140.5699999,-1.98,0.000000,2.48275404e+25,6327042.0
CoRoT-14,CoRoT-14 b,283.3,1.2,403914250.89,-10.40,0.000000,1.4425787999999999e+26,7792628.000000001
CoRoT-16,CoRoT-16 b,316.4,15.0,924514840.926,-4.99,0.330000,1.01549955e+25,8364563.999999999
CoRoT-17,CoRoT-17 b,245.0,5.3,689646183.927,-1.66,0.000000,4.6124559e+25,7292184.0
CoRoT-18,CoRoT-18 b,241.1,13.7,441313718.565,-3.50,0.080000,6.5865111000000006e+25,9365452.0
CoRoT-19,CoRoT-19 b,222.7,0.6,774916970.226,-2.00,0.047000,2.1069243e+25,9222468.0
CoRoT-22,CoRoT-22 b,268.0,0.8,1376300410.44,-0.25,0.077000,7.212894e+23,3109902.0
CoRoT-23,CoRoT-23 b,107.2,11.0,718069779.36,-4.30,0.160000,5.314763999999999e+25,7506660.0
CoRoT-24,CoRoT-24 b,256.9,9.1,837748075.9200001,-3.50,0.000000,3.416634e+23,2359236.0
CoRoT-24,CoRoT-24 c,218.2,12.4,1466059132.8600001,-1.00,0.000000,1.6703544e+24,3145648.0
CoRoT-25,CoRoT-25 b,296.5,9.0,864675692.6459999,-5.50,0.000000,5.124951e+24,7721136.000000001
CoRoT-26,CoRoT-26 b,329.4,5.2,786884799.882,-3.20,0.000000,9.870276e+24,9007992.0
CoRoT-27,CoRoT-27 b,350.9,9.1,712085864.5320001,-3.30,0.065000,1.97215707e+26,7199244.399999999
CoRoT-28,CoRoT-28 b,2.7,4.8,902075160.321,-1.90,0.047000,9.186949199999999e+24,6827486.0
CoRoT-29,CoRoT-29 b,304.8,9.0,577447780.9020001,-2.70,0.082000,1.6134105e+25,6434280.0
HAT-P-37,HAT-P-37 b,355.9,10.7,566975929.9530001,-3.10,0.058000,2.21891397e+25,8421757.6
HAT-P-38,HAT-P-38 b,76.9,6.8,782396863.761,-1.70,0.067000,5.0680071e+24,5898090.0
HAT-P-39,HAT-P-39 b,31.7,0.8,761453161.863,-3.00,0.000000,1.13697987e+25,11231393.2
HAT-P-42,HAT-P-42 b,224.7,0.7,860187756.5250001,-4.10,0.000000,1.98164772e+25,9150976.0
HAT-P-43,HAT-P-43 b,56.3,6.9,662718567.201,-1.30,0.000000,1.25656206e+25,9158125.2
HAT-P-44,HAT-P-44 b,281.8,6.3,758461204.449,-0.90,0.044000,6.6814176e+24,8879306.4
HAT-P-45,HAT-P-45 b,68.9,3.2,676182375.564,-2.20,0.049000,1.69313196e+25,10194759.2
HAT-P-46,HAT-P-46 b,44.7,2.1,863179713.939,-4.50,0.123000,9.357780899999999e+24,9179572.8
HAT-P-54,HAT-P-54 b,133.6,2.5,615894433.6718999,-2.96,0.074000,1.4425788e+25,6748844.8
HATS-1,HATS-1 b,216.2,12.9,664214545.908,-4.40,0.120000,3.52103115e+25,9308258.4
HATS-2,HATS-2 b,33.2,2.0,344075102.61,-2.80,0.000000,2.55298485e+25,8350265.6
HATS-3,HATS-3 b,163.6,14.1,725549672.895,-3.80,0.000000,2.03289723e+25,9873045.2
HATS-4,HATS-4 b,326.6,2.1,541544291.934,-1.50,0.013000,2.5112259899999997e+25,7292184.0
HATS-5,HATS-5 b,189.1,12.4,810820459.194,-0.70,0.019000,4.4985680999999996e+24,6520070.4
HATS-6,HATS-6 b,148.5,11.5,541993085.5461,-1.79,0.000000,6.0550347e+24,7134901.6
Kepler-63,Kepler-63 b,221.5,14.2,1196782965.6000001,-2.19,0.450000,7.1749314e+24,3896314.0000000005
PH1,PH1 b,109.5,11.3,9753781169.640001,0.05,0.070200,1.00790703e+25,3939209.2
Kepler-74,Kepler-74 b,353.6,3.3,1168359370.167,-2.54,0.000000,1.1958219e+25,6863232.0
Kepler-18,Kepler-18 b,178.9,8.0,668702482.0289999,-5.08,0.000000,4.175886e+23,1272557.5999999999
Kepler-18,Kepler-18 c,250.5,9.0,1124975987.664,-2.32,0.000000,1.0249902e+24,3503108.0
Kepler-18,Kepler-18 d,68.4,11.1,1753287044.604,-1.93,0.000000,9.870276e+23,4453951.6
Kepler-82,Kepler-82 b,28.8,4.3,2517732163.881,-0.95,0.003300,7.25655099e+23,2595159.6
Kepler-82,Kepler-82 c,266.8,9.7,3928440084.582,0.15,0.007000,8.30052249e+23,3403019.1999999997
Kepler-20,Kepler-20 b,309.4,10.5,692638141.341,-2.64,0.030000,5.79309276e+23,1193916.4000000001
Kepler-20,Kepler-20 c,114.2,1.1,1419683792.943,-0.19,0.160000,7.61529756e+23,1944582.4000000001
Kepler-21,Kepler-21 b,305.5,9.5,639037224.26919,-6.80,0.020000,3.03321174e+23,1043783.2
Kepler-22,Kepler-22 b,25.5,3.5,12700859222.43,-0.24,0.000000,2.1448869e+24,1515630.4
Kepler-87,Kepler-87 b,130.4,10.4,7195657580.67,-0.73,0.036000,1.9360926e+25,8607636.799999999
Kepler-87,Kepler-87 c,274.3,3.8,10112816059.320002,-0.41,0.039000,3.79626e+23,3917761.6
KOI-94,KOI-94 b,187.7,12.6,765791500.1133,-0.70,0.250000,6.263829e+23,1093827.6
KOI-94,KOI-94 c,136.0,4.6,1515426430.191,-1.64,0.430000,9.300837e+23,2752442.0
KOI-94,KOI-94 d,139.8,4.9,2519228142.588,-0.13,0.022000,6.339754200000001e+24,7184945.999999999
KOI-94,KOI-94 e,273.8,11.3,4556751141.521999,-0.24,0.019000,2.087943e+24,4182281.9999999995
Kepler-30,Kepler-30 b,270.9,0.8,2692761672.6,0.18,0.042000,6.833268e+23,2487921.5999999996
Kepler-30,Kepler-30 c,71.4,1.7,4487936121.0,0.32,0.011100,3.8152412999999995e+25,7842672.399999999
Kepler-30,Kepler-30 d,175.0,10.4,7479893535.0,-0.16,0.022000,1.3856349e+24,5612122.0
Kepler-101,Kepler-101 b,322.4,2.6,709093907.1179999,-4.18,0.086000,3.037008e+24,3646092.0
Kepler-101,Kepler-101 c,285.3,3.0,1023249435.588,-5.40,0.000000,1.89813e+23,800710.4
Kepler-107,Kepler-107 b,37.2,2.9,679772724.4608,-0.95,0.000000,2.0955355199999997e+23,979440.4
Kepler-107,Kepler-107 c,294.1,5.6,907161487.9248,-0.51,0.000000,5.60707602e+23,1015186.3999999999
Kepler-107,Kepler-107 d,359.3,5.0,1253181362.8539,-2.45,0.000000,2.27016348e+23,550488.4
HR 8799,HR 8799 e,95.7,10.6,245340507947.99997,-65.00,0.150000,1.89813e+26,8364563.999999999
KELT-1,KELT-1 b,171.6,14.3,368908349.1462,-2.20,0.009900,5.16860799e+26,7935612.000000001
Kepler-4,Kepler-4 b,133.9,13.0,682166290.3920001,-0.24,0.000000,1.4615601e+24,2552264.4
Kepler-9,Kepler-9 b,229.8,10.2,2139249551.0099998,-1.02,0.060900,2.5918965150000003e+24,5290408.0
Kepler-9,Kepler-9 c,216.3,6.1,3395871664.8900003,-0.81,0.066910,1.7857607039999998e+24,5154573.2
Kepler-11,Kepler-11 b,71.5,5.0,1361340623.37,-0.36,0.045000,1.138878e+23,1151021.2
Kepler-11,Kepler-11 c,49.2,1.1,1600697216.49,-0.41,0.026000,1.708317e+23,1830195.2
Kepler-11,Kepler-11 d,197.2,8.7,2318766995.85,-0.33,0.004000,4.365699e+23,1987477.6
Kepler-11,Kepler-11 e,105.9,7.6,2917158478.65,-1.11,0.012000,4.745325e+23,2673800.8
Kepler-11,Kepler-11 f,116.6,14.5,3739946767.5,-0.53,0.013000,1.138878e+23,1587122.4
Kepler-11,Kepler-11 g,273.5,7.2,6971260774.620001,-0.13,0.150000,1.4995227e+24,2123312.4
KOI-13,KOI-13 b,291.7,4.0,544685847.2186999,-3.23,0.000640,1.7614646399999997e+26,10809590.4
Kepler-15,Kepler-15 b,229.3,4.6,854802233.1798,-2.56,0.060000,1.2527658e+25,6863232.0
Kepler-16,Kepler-16 b,30.6,5.6,10543657926.935999,0.03,0.006900,6.3207729e+24,5390496.8
Kepler-17,Kepler-17 b,258.1,9.0,387608082.9837,-2.80,0.011000,4.6504185e+25,9365452.0
Kepler-107,Kepler-107 e,355.6,5.2,1890767487.7773001,-0.33,0.000000,5.13633978e+23,1851642.8
Kepler-75,Kepler-75 b,222.8,10.9,1223710582.326,-0.88,0.570000,1.9171113e+26,7506660.0
Kepler-77,Kepler-77 b,247.8,10.0,673340016.0207,-2.00,0.000000,8.161959e+24,6863232.0
Kepler-79,Kepler-79 b,227.5,12.9,1750295087.19,-1.22,0.015000,6.510585899999999e+23,2216252.0
Kepler-79,Kepler-79 c,295.8,12.3,2797480182.09,-0.52,0.030000,3.606447e+23,2373534.4
Kepler-79,Kepler-79 d,191.4,1.5,4293458889.0899997,-0.07,0.025000,3.606447e+23,4568338.8
Kepler-79,Kepler-79 e,180.0,1.9,5774477809.02,-0.87,0.012000,2.467569e+23,2223401.2
Kepler-34,Kepler-34 b,64.7,9.1,16300183991.471998,0.36,0.182000,4.175886e+24,5461988.8
Kepler-35,Kepler-35 b,223.6,6.8,9027782703.132898,0.76,0.042000,2.4106251e+24,5204617.6
Kepler-36,Kepler-36 b,191.5,6.4,1724863449.171,0.01,0.039000,2.6573820000000002e+23,950843.6000000001
Kepler-36,Kepler-36 c,336.8,13.7,1919340681.0809999,-0.02,0.033000,4.745325e+23,2344937.6
Kepler-38,Kepler-38 b,306.1,1.5,6929373370.824,-0.56,0.032000,7.2888192e+24,2745292.8000000003
Kepler-39,Kepler-39 b,299.9,3.0,2453405079.48,-0.93,0.112000,3.8152413000000004e+26,8865008.0
Kepler-40,Kepler-40 b,289.5,9.2,1196782965.6000001,-0.30,0.000000,4.175886e+25,8364563.999999999
Kepler-41,Kepler-41 b,67.0,4.0,463902997.0407,-7.49,0.000000,1.0629528e+25,9222468.0
Kepler-44,Kepler-44 b,201.1,10.4,667206503.322,-5.04,0.066000,1.89813e+25,7792628.000000001
Kepler-45,Kepler-45 b,191.2,9.7,448793612.09999996,-3.00,0.110000,9.5855565e+24,6863232.0
Kepler-46,Kepler-46 b,349.2,6.2,2944086095.376,-0.96,0.010000,1.138878e+26,5776553.600000001
Kepler-47,Kepler-47 b,101.2,4.1,4303930740.0390005,-0.25,0.021000,1.23568263e+23,1944582.4000000001
Kepler-47,Kepler-47 c,347.1,6.7,14418242778.066,0.19,0.044000,1.8924356099999998e+23,2966918.0
GJ 436,GJ 436 b,145.3,11.3,435329803.737,-3.56,0.138270,1.328691e+24,2659502.4
HAT-P-19,HAT-P-19 b,127.4,6.9,697126077.462,-1.80,0.067000,5.5425396e+24,8092894.399999999
HAT-P-20,HAT-P-20 b,304.0,9.3,540048313.227,-3.20,0.015000,1.375384998e+26,6198356.4
HAT-P-25,HAT-P-25 b,118.8,7.5,697126077.462,-1.78,0.023000,1.0800359699999999e+25,8114342.0
HAT-P-27,HAT-P-27 b,223.5,5.2,598391482.8000001,-5.00,0.000000,1.1768405999999999e+25,7292184.0
HAT-P-28,HAT-P-28 b,227.5,0.8,649254758.838,-2.00,0.051000,1.18822938e+25,8664830.4
HAT-P-32,HAT-P-32 b,104.0,13.6,508183966.7679,-1.02,0.159000,1.2907284e+25,14155416.0
HAT-P-34,HAT-P-34 b,290.1,14.3,1013375976.1218,-2.90,0.432000,6.3207729e+25,8557592.4
HAT-P-35,HAT-P-35 b,197.1,13.6,744698200.3446,-2.70,0.020000,2.00442528e+25,9522734.4
Kepler-117,Kepler-117 b,234.1,12.1,2161689231.615,-1.26,0.049300,1.7842422e+24,5140274.8
Kepler-117,Kepler-117 c,327.9,13.0,4194724294.428,-0.36,0.032300,3.4925592e+25,7871269.2
HAT-P-4,HAT-P-4 b,240.5,1.3,663915350.1666,-0.09,0.000000,1.2736452300000001e+25,9108080.8
HAT-P-9,HAT-P-9 b,2.1,4.7,790923942.3909,-3.56,0.084000,1.42169937e+25,9958835.6
HAT-P-12,HAT-P-12 b,16.6,2.8,574455823.4879999,-1.00,0.000000,4.0050543e+24,6856082.8
HAT-P-16,HAT-P-16 b,62.7,9.5,617839205.991,-3.40,0.036000,7.958859089999999e+25,9215318.799999999
HAT-P-18,HAT-P-18 b,275.4,6.3,836252097.2129999,-1.20,0.084000,3.7393161e+24,7113454.0
CoRoT-2,CoRoT-2 b,260.9,4.7,418574842.21860003,-1.92,0.014300,6.5865111000000006e+25,10480727.2
CoRoT-4,CoRoT-4 b,143.8,8.8,1346380836.3,0.00,0.000000,1.3666535999999999e+25,8507548.0
CoRoT-5,CoRoT-5 b,51.0,9.2,740060666.3529,-4.17,0.090000,8.864267100000001e+24,9923089.6
CoRoT-6,CoRoT-6 b,30.3,3.3,1279061794.4850001,-0.93,0.100000,5.6184648e+25,8335967.199999999
CoRoT-8,CoRoT-8 b,333.6,9.9,942466585.41,-1.60,0.000000,4.175886e+24,4075043.9999999995
CoRoT-9,CoRoT-9 b,82.9,4.9,6015330380.847,-0.10,0.133000,1.5944291999999999e+25,7621047.2
CoRoT-10,CoRoT-10 b,352.7,5.0,1578257535.885,-1.45,0.530000,5.2198575e+25,6934724.0
WASP-76,WASP-76 b,254.0,3.8,493672973.31,-2.00,0.000000,1.7462796e+25,13083036.0
WASP-90,WASP-90 b,6.8,6.8,840740033.334,-7.90,0.000000,1.1958219e+25,11653196.0
WASP-135,WASP-135 b,48.5,6.8,363522825.801,-8.00,0.000000,3.6064469999999997e+25,9293960.0
HATS-17,HATS-17 b,298.2,14.1,1956740148.756,-0.92,0.029000,2.53969794e+25,5554928.4
TRAPPIST-1,TRAPPIST-1 b,232.9,4.7,166203234.3477,-0.35,0.081000,5.0680071e+22,693472.4
TRAPPIST-1,TRAPPIST-1 c,245.5,13.7,227538361.3347,-0.33,0.083000,8.2378842e+22,672024.8
TRAPPIST-1,TRAPPIST-1 d,122.6,10.1,320737834.7808,-0.25,0.070000,2.4485876999999996e+22,493294.80000000005
KELT-4 A,KELT-4 A b,120.2,12.0,645814007.8119,-6.84,0.000000,1.71211326e+25,12146490.8
K2-31,K2-31 b,299.2,7.8,329115315.53999996,-10.10,0.000000,3.36728262e+25,7578152.0
WASP-119,WASP-119 b,246.3,7.6,543040270.641,-5.00,0.058000,2.3346998999999998e+25,10008880.0
WASP-124,WASP-124 b,31.6,8.5,671694439.4430001,-3.70,0.017000,1.1388779999999998e+25,8865008.0
WASP-129,WASP-129 b,29.7,3.5,939474627.9959999,-2.30,0.096000,1.89813e+25,6648756.0
WASP-133,WASP-133 b,205.1,9.4,516112653.915,-3.00,0.170000,2.2018307999999996e+25,8650532.0
HD 219134,HD 219134 b,88.5,10.3,579841346.8332001,-4.95,0.000000,2.83011183e+23,1022335.5999999999
HD 219134,HD 219134 c,234.4,4.9,976874095.671,-2.72,0.062000,2.60423436e+23,965142.0000000001
Kepler-539,Kepler-539 b,56.7,4.3,7461941790.516001,-0.16,0.390000,1.8411861e+25,5340452.4
Kepler-538,Kepler-538 b,284.9,11.3,6984724582.983,-0.27,0.041000,6.33026355e+23,1415541.6
Kepler-411,Kepler-411 c,99.0,14.7,1105528264.4729998,-1.39,0.108000,1.576586778e+24,2816784.8000000003
KELT-14,KELT-14 b,265.2,11.7,449541601.45350003,-11.70,0.000000,2.43719892e+25,12461055.600000001
HAT-P-50,HAT-P-50 b,250.5,9.3,677678354.271,-6.35,0.115000,2.5624755e+25,9208169.6
HAT-P-51,HAT-P-51 b,293.1,5.7,758311606.5783,-1.52,0.123000,5.8652217e+24,9243915.6
HAT-P-52,HAT-P-52 b,233.1,3.6,552614534.3658,-2.98,0.047000,1.5526703399999998e+25,7213542.799999999
HAT-P-53,HAT-P-53 b,37.3,2.3,472579673.5413,-3.80,0.134000,2.81682492e+25,9422645.6
HATS-13,HATS-13 b,257.1,7.6,606918561.4299,-1.45,0.181000,1.0306845900000001e+25,8664830.4
HATS-14,HATS-14 b,34.6,1.5,570715876.7205,-1.17,0.142000,2.03289723e+25,7428018.8
K2-29,K2-29 b,111.5,12.2,630854220.7419,-3.34,0.066000,1.3856348999999999e+25,8507548.0
Kepler-411,Kepler-411 b,342.6,3.6,560992015.125,-2.60,0.146000,1.5289437149999998e+24,1529928.8
Kepler-413,Kepler-413 b,52.4,13.8,5315212345.971,-0.07,0.118100,4.0050543e+24,2773889.6
Kepler-419,Kepler-419 b,264.6,4.5,5535121215.9,-1.05,0.833000,4.745325e+25,6863232.0
KOI-1257,KOI-1257 b,307.5,11.1,5714638660.74,-0.34,0.772000,2.7522884999999997e+25,6720248.0
Kepler-423,Kepler-423 b,14.5,2.7,536308366.4595,-2.17,0.019000,1.1293873499999998e+25,8521846.4
Kepler-425,Kepler-425 b,15.7,9.4,694134120.048,-2.98,0.330000,4.745325e+24,6991917.6
Kepler-426,Kepler-426 b,275.5,14.8,619335184.698,-4.26,0.180000,6.453642e+24,7792628.000000001
Kepler-427,Kepler-427 b,332.3,12.5,1361340623.37,-0.50,0.570000,5.504576999999999e+24,8793516.0
Kepler-428,Kepler-428 b,25.0,4.6,647758780.1309999,-0.64,0.220000,2.4106251e+25,7721136.000000001
Kepler-432,Kepler-432 b,30.1,0.2,4502895908.07,-1.83,0.513400,1.02688833e+26,8185834.0
Kepler-433,Kepler-433 b,316.3,5.4,1015769542.053,-0.79,0.119000,5.352726599999999e+25,10366340.0
Kepler-434,Kepler-434 b,167.1,8.1,1709903662.101,-3.54,0.131000,5.428651799999999e+25,8078595.999999999
Kepler-435,Kepler-435 b,90.3,1.9,1418187814.2359998,-4.49,0.114000,1.5944291999999999e+25,14226908.0
WASP-104,WASP-104 b,125.3,11.7,436526586.7026,-6.37,0.000000,2.41442136e+25,8128640.4
WTS-1,WTS-1 b,1.0,12.2,703109992.29,-4.50,0.100000,7.6115013e+25,10652308.0
WTS-2,WTS-2 b,70.0,6.7,277504050.1485,-6.45,0.000000,2.1259056e+25,9744359.6
XO-5,XO-5 b,337.9,13.2,770429034.1049999,-3.20,0.000000,2.2587746999999997e+25,8150087.999999999
Kepler-447,Kepler-447 b,232.4,0.6,1150407625.6829998,-3.45,0.123000,2.6004381e+25,11796180.0
Lupus-TR-3,Lupus-TR-3 b,140.6,6.9,694134120.048,-1.70,0.000000,1.5374853e+25,6362788.0
HATS-10,HATS-10 b,358.6,9.1,671844037.3137,-2.21,0.501000,9.9841638e+24,6927574.8
HAT-P-55,HAT-P-55 b,223.2,7.3,688748596.7027999,-2.30,0.139000,1.1047116599999999e+25,8450354.4
OGLE-TR-182,OGLE-TR-182 b,280.9,1.1,762949140.5699999,-4.30,0.000000,1.9171113e+25,8078595.999999999
OGLE-TR-211,OGLE-TR-211 b,174.9,11.7,762949140.5699999,-2.80,0.000000,1.9550739e+25,9722912.0
Kepler-1647,Kepler-1647 b,273.5,0.8,40698100723.935,0.10,0.058100,2.8845501984e+25,7571002.8
WASP-120,WASP-120 b,97.6,5.9,768933055.398,-7.46,0.057000,9.205930499999999e+25,10530771.600000001
WASP-123,WASP-123 b,230.4,1.6,637735722.7941,-4.26,0.000000,1.70641887e+25,9422645.6
HATS-25,HATS-25 b,35.5,8.2,772373806.4241,-3.07,0.176000,1.16355369e+25,9007992.0
HATS-26,HATS-26 b,345.7,2.8,708345917.7645,-3.80,0.245000,1.2337845e+25,12511100.0
HATS-27,HATS-27 b,313.7,5.7,914042989.977,-2.70,0.581000,1.0060089e+25,10723800.0
HATS-28,HATS-28 b,147.8,5.9,617988803.8616999,-3.83,0.202000,1.27554336e+25,8536144.799999999
HATS-29,HATS-29 b,332.4,6.5,819048342.0825,-2.63,0.158000,1.2394788900000001e+25,8943649.2
Qatar-1,Qatar-1 b,103.1,2.9,348862234.4724,-5.92,0.000000,2.45618022e+25,8171535.600000001
Qatar-2,Qatar-2 b,162.8,14.1,322084215.6171,-3.88,0.000000,4.73393622e+25,8965096.8
TrES-3,TrES-3 b,275.7,4.8,341382340.9374,-8.15,0.000000,3.6254282999999998e+25,9551331.200000001
XO-6,XO-6 b,334.5,1.8,1219222646.2050002,-4.00,0.000000,8.351772e+25,14798843.999999998
WASP-1,WASP-1 b,346.2,3.2,581786119.1523,0.00,0.000000,1.62100302e+25,10602263.600000001
WASP-4,WASP-4 b,267.3,7.1,338091187.782,-0.94,0.000000,2.25118218e+25,9444093.2
WASP-5,WASP-5 b,13.3,8.2,399426314.769,-3.10,0.038000,2.9990454e+25,7771180.399999999
HATS-30,HATS-30 b,193.3,10.5,651349129.0278001,-3.16,0.096000,1.34007978e+25,8400310.0
WASP-121,WASP-121 b,215.4,0.4,380576983.0608,-2.40,0.000000,2.2454877900000003e+25,13333258.0
HATS-15,HATS-15 b,117.0,5.5,405709425.33839995,-2.87,0.126000,4.1189421e+25,7899866.0
HATS-16,HATS-16 b,71.9,3.4,560094427.9008,-6.47,0.000000,6.2068851e+25,9293960.0
K2-36,K2-36 b,168.6,5.5,333603251.661,-5.55,0.000000,2.32900551e+23,915097.6
K2-36,K2-36 c,261.3,6.6,807828501.78,-3.08,0.000000,4.65801102e+23,2037521.9999999998
WASP-19,WASP-19 b,346.9,7.2,244442920.7238,-11.22,0.002000,2.02910097e+25,9951686.399999999
WASP-20,WASP-20 b,211.9,8.2,897587224.1999999,-4.44,0.000000,5.9031843e+24,10452130.4
WASP-21,WASP-21 b,35.9,13.6,777908927.64,-1.25,0.000000,5.694389999999999e+24,7649644.0
WASP-23,WASP-23 b,169.2,11.1,562487993.832,-1.61,0.062000,1.67794692e+25,6877530.399999999
WASP-28,WASP-28 b,83.2,10.5,668552884.1583,-1.39,0.000000,1.72160391e+25,8671979.6
WASP-31,WASP-31 b,144.2,14.0,696976479.5913,-5.59,0.000000,9.073061399999999e+24,11074110.799999999
K2-60,K2-60 b,211.7,0.6,673190418.15,-1.51,0.000000,8.0860338e+24,4882903.600000001
K2-66,K2-66 b,217.3,3.9,895044060.3981,-3.40,0.000000,1.2721267259999998e+24,1587122.4
WASP-37,WASP-37 b,349.4,14.0,667206503.322,-1.18,0.000000,3.416634e+25,8293071.999999999
WASP-39,WASP-39 b,288.1,3.6,727045651.602,-2.17,0.000000,5.314764e+24,9079484.0
WASP-43,WASP-43 b,87.6,4.2,212428976.39400002,-7.40,0.000000,3.3786714e+25,6648756.0
WASP-52,WASP-52 b,153.7,11.3,406906208.30399996,-4.65,0.000000,8.731398e+24,9079484.0
WASP-59,WASP-59 b,125.5,7.3,1042697158.7789999,-0.73,0.100000,1.6380861899999999e+25,5540630.0
WASP-64,WASP-64 b,72.8,11.8,396135161.6136,-3.43,0.000000,2.4125232299999997e+25,9086633.2
WASP-65,WASP-65 b,232.5,8.4,499656888.138,-1.20,0.000000,2.9421015e+25,7949910.4
WASP-70 A,WASP-70 A b,23.7,12.8,725998466.5071,-2.88,0.000000,1.1198966999999998e+25,8321668.8
WASP-75,WASP-75 b,130.9,5.5,560992015.125,-8.00,0.000000,2.0309991e+25,9079484.0
WASP-80,WASP-80 b,18.4,14.7,514616675.208,-0.98,0.002000,1.0211939400000001e+25,7142050.8
WASP-84,WASP-84 b,123.3,9.7,1153399583.0970001,-1.63,0.000000,1.31730222e+25,6734546.399999999
WASP-96,WASP-96 b,36.0,11.3,677678354.271,-4.40,0.000000,9.111023999999999e+24,8579040.0
Kepler-453,Kepler-453 b,15.6,11.0,11822719721.421,-0.56,0.035900,9.55518642e+23,3953507.6000000006
WASP-83,WASP-83 b,331.5,14.0,882627437.13,-1.10,0.000000,5.694389999999999e+24,7435168.0
WASP-89,WASP-89 b,242.6,5.8,638782907.889,-0.60,0.193000,1.1198967000000001e+26,7435168.0
HATS-8,HATS-8 b,82.6,5.3,698173262.5569,-2.20,0.376000,2.6194194e+24,6241251.6
K2-30,K2-30 b,5.7,5.5,723904096.3173001,-3.08,0.000000,1.09901727e+25,7428018.8
KELT-9,KELT-9 b,331.4,14.8,517907828.3634,-3.21,0.000000,5.4666143999999994e+25,13519137.2
MASCARA-1,MASCARA-1 b,287.2,3.3,643270844.01,-3.00,0.000000,7.023081e+25,10723800.0
WASP-151,WASP-151 b,60.3,1.0,822788288.85,-0.80,0.003000,5.884202999999999e+24,8078595.999999999
WASP-153,WASP-153 b,125.2,6.0,718069779.36,-5.90,0.009000,7.402707e+24,11081260.0
WASP-156,WASP-156 b,141.5,8.0,677678354.271,-0.90,0.007000,2.4296064e+24,3646092.0
K2-137,K2-137 b,335.6,11.4,86766765.006,-0.40,0.000000,9.49065e+24,564786.8
NGTS-2,NGTS-2 b,178.6,8.0,942466585.41,-1.50,0.000000,1.4046162e+25,11402974.0
K2-266,K2-266 c,36.5,8.7,1015769542.053,-1.72,0.042000,1.7272983e+22,450399.6
K2-266,K2-266 d,13.9,11.9,1548337961.745,-0.54,0.047000,5.3147640000000003e+23,1865941.2
K2-266,K2-266 e,146.3,13.1,1868477405.043,-0.55,0.043000,8.53968687e+23,1744404.8
WASP-147,WASP-147 b,358.6,6.4,821292310.143,-2.10,0.000000,5.2198575e+24,7971358.0
WASP-160 B,WASP-160 B b,164.8,2.0,676182375.564,-1.03,0.000000,5.276801400000001e+24,7792628.000000001
WASP-164,WASP-164 b,199.8,10.0,421566799.6326,-7.27,0.000000,4.0430169e+25,8064297.6
WASP-165,WASP-165 b,275.3,0.9,721510530.3861,-5.10,0.000000,1.2489695400000001e+25,9007992.0
K2-263,K2-263 b,90.2,2.5,3849153213.1109996,-0.76,0.140000,8.83959141e+23,1537078.0
HD 39091,pi Men c,72.9,3.0,1023099837.7173,-2.54,0.000000,2.8794632099999997e+23,1301154.4
Kepler-1654,Kepler-1654 b,359.6,2.8,30308528603.819996,-0.02,0.260000,9.49065e+24,5855194.8
KPS-1,KPS-1 b,131.5,13.0,402418272.183,-6.80,0.000000,2.0689617e+25,7363676.0
HATS-43,HATS-43 b,90.2,9.5,739611872.7408,-0.76,0.173000,4.9541193e+24,8436056.0
HATS-44,HATS-44 b,151.7,2.2,545882630.1843001,-5.35,0.279000,1.0629528e+25,7628196.399999999
HATS-45,HATS-45 b,209.1,9.1,824433865.4277,-4.39,0.240000,1.3286909999999998e+25,9193871.200000001
HATS-46,HATS-46 b,171.1,10.5,802891772.0469,-2.68,0.559000,3.2837648999999996e+24,6455727.600000001
HATS-7,HATS-7 b,171.7,11.3,600186657.2484001,-2.08,0.170000,2.2777559999999999e+24,4024999.5999999996
HD 89345,HD 89345 b,183.7,9.4,1594713301.662,-2.79,0.220000,2.087943e+24,4718472.0
Kepler-1656,Kepler-1656 b,100.7,8.0,2947078052.79,-0.69,0.836000,2.9024305829999997e+24,3202841.6
WASP-144,WASP-144 b,32.0,10.4,472729271.41200006,-3.10,0.000000,8.351772e+24,6076820.0
WASP-145 A,WASP-145 A b,61.9,3.6,390450442.527,-6.70,0.000000,1.6893357e+25,6434280.0
WASP-158,WASP-158 b,37.3,1.0,773420991.519,-2.30,0.000000,5.2957827e+25,7649644.0
WASP-159,WASP-159 b,41.2,6.9,804836544.366,-1.90,0.000000,1.0439715e+25,9865896.0
WASP-162,WASP-162 b,24.9,14.4,1302997453.797,-0.70,0.434000,9.870276e+25,7149200.0
WASP-168,WASP-168 b,306.7,13.4,776412948.933,-5.60,0.000000,7.972145999999999e+24,10723800.0
WASP-172,WASP-172 b,351.9,13.1,1038209222.658,-3.30,0.000000,8.921210999999999e+24,11224244.0
WASP-173 A,WASP-173 A b,211.6,7.7,371002719.33599997,-4.80,0.000000,7.0040997e+25,8579040.0
K2-285,K2-285 b,60.3,1.0,571015072.4619,-3.15,0.000000,5.78170398e+23,1651465.2000000002
K2-285,K2-285 c,21.0,10.5,1232686454.568,-0.14,0.000000,9.36347529e+23,2251998.0
K2-285,K2-285 d,4.2,12.7,1762262916.846,-0.36,0.000000,3.8816758499999996e+23,1579973.2
K2-285,K2-285 e,63.0,6.6,2698895185.2987,-0.20,0.000000,6.39100371e+23,1243960.7999999998
HD 219666,HD 219666 b,278.5,11.2,950844066.1692001,-3.62,0.000000,9.91393299e+23,3002664.0
HD 1397,HD 1397 b,48.8,2.6,1641088641.579,-1.01,0.251000,7.877239499999999e+24,7335079.2
Qatar-7,Qatar-7 b,251.6,11.0,526584504.864,-1.00,0.000000,3.5684843999999997e+25,12153640.0
NGTS-6,NGTS-6 b,267.6,8.3,250875629.1639,-11.77,0.000000,2.54159607e+25,9479839.200000001
HD 202772 A,HD 202772 A b,113.3,5.9,779105710.6056,-5.49,0.038000,1.9303982099999998e+25,11045514.0
WASP-180 A,WASP-180 A b,11.4,11.5,718069779.36,-1.90,0.000000,1.708317e+25,8865008.0
NGTS-5,NGTS-5 b,107.4,11.6,571463866.074,-3.40,0.000000,4.3467177e+24,8121491.199999999
MASCARA-4,MASCARA-4 b,68.4,11.6,703109992.29,-1.50,0.000000,5.884203e+25,10938276.0
LHS 1815,LHS 1815 b,138.1,10.5,604375397.628,-1.88,0.000000,5.1951818099999995e+23,693472.4
EPIC 249893012,EPIC 249893012 b,45.4,2.6,703109992.29,-3.86,0.060000,5.2255518899999996e+23,1243960.7999999998
EPIC 249893012,EPIC 249893012 c,321.6,3.7,1944772319.1000001,-2.06,0.070000,8.76176808e+23,2337788.4
EPIC 249893012,EPIC 249893012 d,185.6,13.2,3291153155.4,-0.53,0.150000,6.07971039e+23,2516518.4
NGTS-4,NGTS-4 b,28.7,13.3,284235954.33,-7.50,0.000000,1.2301780530000002e+24,2030372.7999999998
HD 213885,HD 213885 b,166.3,1.3,300990915.8484,-9.91,0.000000,5.2730051399999995e+23,1115275.2
TOI-172,TOI-172 b,231.0,3.3,1367324538.198,-1.80,0.380600,1.02878646e+26,6898978.0
KOI-1599,KOI-1599.02,359.4,3.7,1679879369.45151,-1.40,0.011400,5.3755041600000005e+23,1215364.0
KOI-1599,KOI-1599.01,107.9,6.0,2203277439.6696,-0.22,0.014000,2.74659411e+23,1215364.0
NGTS-8,NGTS-8 b,145.7,13.1,523592547.45000005,-3.10,0.010000,1.7652609e+25,7792628.000000001
NGTS-9,NGTS-9 b,307.9,10.1,867667650.0600001,-5.90,0.060000,5.5045769999999995e+25,7649644.0
HATS-60,HATS-60 b,230.6,2.0,704306775.2556,-3.72,0.191000,1.25656206e+25,8243027.600000001
HATS-61,HATS-61 b,260.1,13.9,1183019961.4956,-2.85,0.092000,6.453642e+25,8543294.0
HATS-62,HATS-62 b,181.2,11.8,622775935.7241,-2.08,0.298000,3.3976527e+24,7542406.0
HATS-63,HATS-63 b,336.5,0.0,602281027.4382,-5.14,0.136000,1.8222047999999999e+25,8629084.4
HATS-64,HATS-64 b,30.5,3.7,981661227.5333999,-2.76,0.151000,1.8222047999999999e+25,12003506.8
HATS-65,HATS-65 b,0.9,6.6,672741624.5379001,-5.18,0.062000,1.55836473e+25,10730949.2
HATS-66,HATS-66 b,297.1,2.8,705204362.4798,-2.94,0.064000,1.01170329e+26,10087521.200000001
HATS-67,HATS-67 b,312.9,8.5,453580743.9624,-10.97,0.057000,2.7522884999999997e+25,12046402.0
HATS-68,HATS-68 b,165.8,8.0,758610802.3197,-6.79,0.036000,2.4485877e+25,8807814.4
HATS-69,HATS-69 b,93.0,9.1,480358762.81769997,-1.51,0.519000,1.0952210099999998e+25,6755994.0
K2-290,K2-290 b,67.4,7.8,1380788346.5609999,-1.86,0.000000,6.510585899999999e+23,1951731.6
K2-290,K2-290 c,260.3,6.3,4562735056.349999,-0.63,0.000000,1.46915262e+25,7192095.2
K2-291,K2-291 b,344.7,13.1,487838656.3527,-4.74,0.000000,3.87598146e+23,1015186.3999999999
EPIC 248847494,EPIC 248847494 b,168.8,2.3,67319041815.0,-0.13,0.000000,2.467569e+26,7935612.000000001
TOI-163,TOI-163 b,255.5,5.0,867667650.0600001,-2.76,0.000000,2.3157185999999997e+25,10645158.8
TOI-125,TOI-125 b,269.4,1.6,775814557.4502001,-1.08,0.194000,5.6735105699999996e+23,1737255.5999999999
TOI-125,TOI-125 c,105.6,14.9,1217726667.498,-1.46,0.066000,3.95949918e+23,1758703.2
HD 119130,HD 119130 b,151.7,7.0,1944772319.1000001,-1.60,0.040000,1.463268417e+24,1680062.0
XO-7,XO-7 b,299.5,10.9,661372186.3647,-6.55,0.038000,1.34577417e+25,9815851.6
HATS-70,HATS-70 b,23.5,8.3,543339466.3823999,-3.30,0.180000,2.4485877e+26,9894492.799999999
GJ 143,GJ 143 b,14.5,7.7,2864799223.905,-0.67,0.188000,1.355644446e+24,1665763.6
Kepler-47,Kepler-47 d,39.3,14.9,10459883119.344,0.39,0.024000,1.135840992e+24,4489697.6
HATS-47,HATS-47 b,253.9,10.8,638633310.0182999,-2.92,0.088000,7.004099699999999e+24,7985656.4
HATS-48 A,HATS-48 A b,33.3,5.0,563834374.6683,-0.42,0.162000,4.6124559e+24,5719360.0
HATS-49,HATS-49 b,78.4,13.2,675434386.2105,-1.73,0.071000,6.7003989e+24,5469138.0
HATS-72,HATS-72 b,114.5,4.0,995080156.5351901,-0.44,0.013000,2.3802550200000002e+24,5161722.399999999
Kepler-1658,Kepler-1658 b,81.6,11.6,813812416.6079999,-13.48,0.062800,1.1161004399999999e+26,7649644.0
WASP-190,WASP-190 b,294.2,10.2,991833882.7409999,-2.90,0.000000,1.89813e+25,8221579.999999999
K2-295,K2-295 b,283.5,1.8,674686396.857,-0.70,0.000000,6.3587355e+24,6412832.4
WASP-87,WASP-87 b,161.5,8.0,440715327.0822,-8.93,0.000000,4.1379234e+25,9901642.0
LTT 1445 A,LTT 1445 A b,13.1,8.5,569519093.7549,-0.60,0.190000,1.3135059599999999e+23,879351.6
HAT-P-69,HAT-P-69 b,313.6,14.2,980614042.4384999,-2.81,0.000000,6.7953054e+25,11982059.2
HAT-P-70,HAT-P-70 b,272.2,8.0,708944309.2473,6.50,0.000000,1.28693214e+26,13369004.0
WASP-169,WASP-169 b,82.1,13.8,1018761499.4669999,-2.10,0.000000,1.0648509300000001e+25,9322556.8
WASP-171,WASP-171 b,175.5,2.6,753973268.328,-1.70,0.000000,2.05757292e+25,7006216.0
WASP-175,WASP-175 b,311.8,0.7,658679424.6921,-4.67,0.000000,1.8791487e+25,8636233.6
WASP-182,WASP-182 b,66.7,2.4,674686396.857,-6.12,0.000000,2.8092323999999997e+24,6076820.0
KELT-24,KELT-24 b,286.4,2.8,1042547560.9083,-0.83,0.077000,9.8323134e+25,9093782.4
HD 15337,HD 15337 b,357.9,11.6,780900885.054,-1.50,0.090000,4.48528119e+23,1043783.2
HD 15337,HD 15337 c,289.4,11.4,1896901000.4759998,-1.50,0.050000,4.84402776e+23,1522779.5999999999
WASP-178,WASP-178 b,247.5,6.3,834756118.506,-4.30,0.000000,3.1508957999999997e+25,12940052.0
WASP-184,WASP-184 b,220.5,14.3,937978649.289,-3.10,0.000000,1.0819340999999998e+25,9508436.0
WASP-185,WASP-185 b,256.1,5.4,1352364751.128,-3.20,0.240000,1.8601674e+25,8936500.0
WASP-192,WASP-192 b,318.7,8.0,610359312.4560001,-7.30,0.000000,4.365698999999999e+25,8793516.0
Qatar-8,Qatar-8 b,320.4,9.2,709093907.1179999,-0.71,0.000000,7.0420623e+24,9186722.0
Qatar-9,Qatar-9 b,321.7,6.7,350059017.438,-0.77,0.000000,2.2587746999999997e+25,7213542.799999999
Qatar-10,Qatar-10 b,179.1,8.9,427849910.202,-4.13,0.000000,1.39702368e+25,11031215.6
Kepler-1661,Kepler-1661 b,109.1,2.6,9469545215.31,-0.54,0.057000,1.015309737e+24,2466474.0
TOI-132,TOI-132 b,183.6,13.1,388954463.82,-4.97,0.059000,1.337802024e+24,2180506.0
HD 2685,HD 2685 b,357.5,6.6,849715905.5760001,-0.75,0.091000,2.2208120999999996e+25,10294848.0
K2-287,K2-287 b,288.4,14.6,1804150320.642,-1.87,0.478000,5.9791095e+24,6055372.399999999
TOI-216,TOI-216.02,221.4,2.0,1934300468.151,-1.64,0.132000,1.791644907e+24,4904351.2
TOI-216,TOI-216.01,31.0,7.3,3095179944.783,-0.17,0.029000,1.1944362651e+25,7199244.399999999
KELT-23 A,KELT-23 A b,94.2,5.4,493972169.0514,-4.63,0.000000,1.7804459399999998e+25,9458391.6
Qatar-6,Qatar-6 b,222.9,9.5,632798993.061,-3.99,0.000000,1.2679508400000001e+25,7592450.4
TOI-1130,TOI-1130 c,311.3,11.3,1061845686.2286,-2.57,0.047000,1.84877862e+25,10723800.0
HATS-59,HATS-59 b,236.5,4.6,914342185.7184,-1.90,0.129000,1.5298927800000002e+25,8049999.199999999
Kepler-411,Kepler-411 d,249.0,10.4,4173780592.53,-0.57,0.128000,9.07685766e+23,2116163.1999999997
GJ 1252,GJ 1252 b,23.6,12.7,137031649.5612,-5.00,0.000000,1.24896954e+23,757815.2
L 168-9,L 168-9 b,105.6,13.9,312809147.6337,-4.50,0.210000,2.74659411e+23,886500.8
TOI-125,TOI-125 d,349.2,4.7,2049490828.5900002,-1.20,0.168000,8.12209827e+23,1865941.2
HD 221416,HD 221416 b,76.3,8.6,1837061852.196,-4.25,0.115000,3.606447e+24,5976731.2
TOI-150,TOI-150.01,157.0,0.5,1052720216.1159,-1.91,0.262000,4.7643063e+25,8972246.0
HATS-54,HATS-54 b,65.2,12.7,562936787.4440999,-6.92,0.126000,1.4425788e+25,7628196.399999999
HATS-55,HATS-55 b,196.6,8.2,809623676.2284,-3.68,0.092000,1.74817773e+25,8943649.2
HATS-56,HATS-56 b,69.3,2.7,904019932.6401,-6.71,0.019000,1.14267426e+25,12067849.6
HATS-57,HATS-57 b,271.0,7.2,522545362.35510004,-2.12,0.028000,5.97341511e+25,8142938.8
HATS-58 A,HATS-58 A b,114.7,8.2,867368454.3185999,-4.31,0.168000,1.9550739e+25,7828374.0
WASP-166,WASP-166 b,300.1,10.1,958922351.187,-2.00,0.000000,1.9171113e+24,4503996.0
LHS 1140,LHS 1140 c,66.4,0.5,400174304.1225,-0.08,0.310000,1.0800359699999999e+23,815008.8
CoRoT-21,CoRoT-21 b,56.0,1.9,623823120.819,-3.20,0.000000,4.289773799999999e+25,9293960.0
KOI-3680,KOI-3680 b,147.8,4.9,7988526295.38,-0.11,0.496000,3.6633909e+25,7077708.0
WASP-92,WASP-92 b,12.6,11.4,520600590.03599995,-6.25,0.000000,1.52799465e+25,10444981.200000001
WASP-93,WASP-93 b,278.7,14.5,629956633.5177001,-8.82,0.000000,2.7902510999999998e+25,11417272.4
WASP-118,WASP-118 b,136.8,5.9,815757188.9271001,-1.30,0.000000,9.7563882e+24,10294848.0
GJ 9827,GJ 9827 b,158.7,11.3,281243996.916,-3.93,0.000000,2.93261085e+23,1008037.2
GJ 9827,GJ 9827 c,53.3,6.9,587171642.4975001,-1.81,0.000000,5.0110631999999996e+22,793561.2
GJ 9827,GJ 9827 d,311.1,14.5,836401695.0837001,-2.56,0.000000,2.41252323e+23,1286856.0
HATS-50,HATS-50 b,153.7,12.5,754870855.5522,-2.46,0.516000,7.402707e+24,8078595.999999999
HATS-51,HATS-51 b,273.0,7.7,693984522.1773,-2.90,0.330000,1.45776384e+25,10080372.0
HATS-52,HATS-52 b,106.9,10.1,373695481.0086,-5.30,0.246000,4.2518112e+25,9880194.399999999
HATS-53,HATS-53 b,172.9,0.3,711038679.4371,-1.22,0.330000,1.1293873499999998e+25,9579928.0
WASP-85 A,WASP-85 A b,328.5,0.6,583431695.73,-0.31,0.000000,2.40113445e+25,8865008.0
WASP-113,WASP-113 b,110.9,12.6,880383469.0695,-3.54,0.000000,9.016117499999999e+24,10073222.8
WASP-114,WASP-114 b,264.1,2.6,426503529.3657,-6.04,0.012000,3.3577919699999996e+25,9572778.799999999
KELT-21,KELT-21 b,95.5,4.1,781499276.5368,-3.54,0.000000,7.4216883000000005e+25,11338631.200000001
K2-216,K2-216 b,236.6,11.0,418874037.96000004,-3.10,0.000000,4.77759321e+23,1115275.2
HD 106315,HD 106315 b,208.6,3.2,1356852687.249,-2.46,0.093000,7.52418732e+23,1558525.6
HD 106315,HD 106315 c,299.7,11.7,2297823293.9519997,-1.39,0.220000,9.07685766e+23,2773889.6
HAT-P-67,HAT-P-67 b,27.6,13.2,973134148.9035,-1.20,0.000000,6.453642e+24,14906082.0
K2-111,K2-111 b,14.3,12.3,929002777.047,-3.80,0.000000,5.13633978e+23,1215364.0
K2-237,K2-237 b,170.7,14.1,528080483.571,-5.40,0.000000,2.34608868e+25,11738986.399999999
K2-238,K2-238 b,78.8,2.2,688150205.22,-5.50,0.000000,1.6323918e+25,9293960.0
HAT-P-65,HAT-P-65 b,195.0,1.9,591061187.1357001,-5.80,0.304000,1.00031451e+25,13511988.0
HAT-P-66,HAT-P-66 b,333.3,8.2,652695509.8641,-3.80,0.090000,1.48623579e+25,11367228.0
WASP-130,WASP-130 b,81.8,1.0,1513930451.484,-1.34,0.000000,2.3346998999999998e+25,6362788.0
WASP-131,WASP-131 b,273.5,10.6,908059075.1489999,-5.00,0.000000,5.124951e+24,8722024.0
WASP-132,WASP-132 b,300.1,12.9,1002305733.69,-0.40,0.000000,7.782332999999999e+24,6219804.0
WASP-139,WASP-139 b,75.5,6.3,927506798.34,-1.10,0.000000,2.2208121e+24,5719360.0
WASP-140,WASP-140 b,154.5,14.3,483201122.36100006,-6.70,0.047000,4.6314371999999995e+25,10294848.0
WASP-141,WASP-141 b,42.9,10.1,701614013.583,-2.40,0.000000,5.1059697e+25,8650532.0
WASP-142,WASP-142 b,132.3,7.0,519104611.329,-9.80,0.000000,1.5944291999999999e+25,10938276.0
HATS-31,HATS-31 b,93.1,5.0,715077821.946,-5.00,0.233000,1.6703544e+25,11724688.0
HATS-32,HATS-32 b,126.8,11.3,601981831.6968,-2.90,0.471000,1.7462796e+25,8929350.8
WASP-91,WASP-91 b,295.9,0.8,553512121.5899999,-3.20,0.000000,2.5434942e+25,7363676.0
WASP-105,WASP-105 b,208.2,4.4,1121984030.25,-0.30,0.000000,3.416634e+25,6863232.0
WASP-107,WASP-107 b,135.1,12.1,822788288.85,-0.30,0.000000,2.2777559999999999e+24,6720248.0
WASP-53,WASP-53 b,113.3,4.8,613500867.7407,-2.92,0.030000,4.0468131600000004e+25,7678240.800000001
WASP-81,WASP-81 b,288.3,14.0,584628478.6955999,-1.31,0.066000,1.38373677e+25,10216206.8
KELT-16,KELT-16 b,274.3,11.5,305778047.7108,-5.60,0.000000,5.2198575e+25,10116118.0
TRAPPIST-1,TRAPPIST-1 e,316.8,3.3,421417201.7619,-0.14,0.085000,3.7013535e+22,586234.4
TRAPPIST-1,TRAPPIST-1 f,92.1,0.5,555008100.297,-0.32,0.063000,4.0619982e+22,664875.6
TRAPPIST-1,TRAPPIST-1 g,206.5,14.1,674686396.857,-0.29,0.061000,8.0101086e+22,722069.2000000001
HATS-22,HATS-22 b,178.0,0.3,751729300.2675,-2.04,0.079000,5.2008762e+25,6813187.6
HATS-23,HATS-23 b,97.4,10.5,508183966.7679,-8.98,0.114000,2.7902510999999998e+25,13297512.0
HATS-24,HATS-24 b,134.1,11.2,356042932.26600003,-4.03,0.000000,4.289773799999999e+25,9973134.0
K2-260,K2-260 b,82.6,0.6,604375397.628,-1.33,0.000000,2.6953445999999997e+25,11095558.4
K2-261,K2-261 b,74.1,13.4,1525898281.1399999,-1.60,0.390000,4.2328299e+24,6076820.0
K2-265,K2-265 b,38.8,7.7,505042411.48319995,-2.30,0.084000,3.90635154e+23,1093827.6
HATS-33,HATS-33 b,9.4,5.6,557551264.0989,-2.38,0.080000,2.26257096e+25,8793516.0
HATS-34,HATS-34 b,32.6,10.0,473626858.6362,-7.72,0.108000,1.7861403299999998e+25,10223356.0
HATS-35,HATS-35 b,343.2,10.0,478563588.36929995,-3.10,0.306000,2.31951486e+25,10466428.799999999
Qatar-3,Qatar-3 b,202.7,14.2,565928744.8581,-3.20,0.000000,8.1809403e+25,7835523.2
Qatar-4,Qatar-4 b,25.8,2.7,419322831.5721,-2.50,0.000000,1.1578593e+26,8114342.0
Qatar-5,Qatar-5 b,294.4,0.1,617390412.3789,-1.26,0.000000,8.1999216e+25,7914164.399999999
KELT-18,KELT-18 b,141.7,12.8,680670311.685,-1.14,0.000000,2.2397933999999997e+25,11224244.0
LHS 1140,LHS 1140 b,248.8,12.9,1400236069.752,-0.11,0.060000,4.16829348e+23,1100976.8
KELT-12,KELT-12 b,11.2,4.7,1003502516.6556,-5.53,0.000000,1.8032234999999999e+25,12725576.0
NGTS-1,NGTS-1 b,221.8,13.0,487689058.48199993,-4.73,0.016000,1.54128156e+25,9508436.0
K2-232,K2-232 b,167.0,7.5,1549235548.9692,-0.86,0.258000,7.554557400000001e+24,7149200.0
HATS-39,HATS-39 b,198.5,5.5,898634409.2949,-5.02,0.275000,1.1958219e+25,11224244.0
HATS-40,HATS-40 b,119.8,13.1,747540559.8879,-4.20,0.312000,3.0180267e+25,11295736.0
HATS-41,HATS-41 b,304.3,13.7,872155586.181,-9.60,0.380000,1.8411860999999998e+26,9508436.0
HATS-42,HATS-42 b,196.9,3.9,551866545.0123,-4.90,0.229000,3.5684843999999997e+25,10008880.0